user_id,name
1577,544
3830,1473
1196,453
2273,1603
4821,1602
4336,2771
379,2832
3060,996
411,820
4820,137
4550,567
3475,2389
2996,2632
4600,2250
3152,2252
2861,46
4619,1827
983,2355
4835,2967
2146,1423
4237,2358
2095,73
2967,285
1662,1755
3486,445
1429,859
1361,2317
655,673
1422,2404
2858,325
4070,2657
935,1566
1140,777
1516,1234
4811,2786
3009,2487
961,454
2805,36
3346,1163
564,1330
1210,421
2330,795
1987,455
857,2609
3372,1360
1579,2362
3561,2810
315,2632
1381,2596
160,2313
2340,1185
2582,438
771,2997
3639,2703
730,2670
462,2497
3957,1409
3506,1906
197,1922
1673,1949
1483,565
751,19
1785,280
4790,2195
37,698
3591,95
1314,243
4242,848
4626,411
2391,1877
3412,889
2553,849
622,1193
3260,524
100,1019
1096,2649
2178,797
1832,829
2720,2246
4498,642
1541,2832
866,1756
4885,222
2121,917
3385,161
4230,1039
4325,1953
3155,1708
645,1694
2766,733
4120,1499
3915,924
1473,2129
3846,2090
2509,394
4151,278
2932,901
2062,1263
4923,2291
4499,2122
339,2607
4979,1231
4184,1354
3092,1475
4623,97
1596,915
1099,2260
3782,1628
2438,2775
908,153
4347,2351
551,1493
3241,44
3091,592
370,1756
222,1371
3727,66
4231,2195
497,1537
775,2874
3695,56
2131,2119
2989,1929
1798,234
4249,47
4156,1077
3995,2593
2994,2571
234,6
2060,2295
2770,1742
3549,2183
4760,440
3713,2606
390,2533
3868,727
3787,892
274,2440
1011,1147
4848,933
957,428
4210,1389
3479,2989
3894,2679
3027,2365
2011,1492
3509,1941
4348,442
2923,418
537,2501
722,2962
1871,761
1348,2382
2815,1584
1564,2968
3725,553
4490,978
4304,2226
970,2230
4707,2367
2420,491
997,1196
4890,1244
4618,2226
615,489
280,774
4101,851
136,2761
2024,1874
962,104
1109,269
1304,2786
630,758
85,1671
407,250
2217,806
3759,797
3192,746
2752,2650
328,497
2825,2432
3752,1594
4947,2953
3822,2277
1941,2236
3281,2683
2835,2275
3735,1195
2303,624
1557,920
4591,2348
402,809
1203,1144
2302,2771
4494,1123
366,2088
2028,2040
636,1577
4680,2421
330,1131
4409,2819
2747,867
742,83
4674,1277
3295,1659
4706,1543
2525,2334
3083,2535
175,2913
2760,356
2865,2743
432,181
1601,600
1651,2269
3891,963
4043,860
4746,1702
3146,564
4660,25
2172,2231
1947,240
2521,1107
4859,1625
3779,1720
4981,1109
4267,1455
3351,582
735,1052
84,2274
2698,2006
2173,1773
3126,2198
1315,2849
949,2566
4428,2347
1466,412
4111,2294
3844,296
4068,38
1009,179
4128,1816
4212,1042
3681,343
1974,1652
1918,392
1669,2965
202,2059
4484,2409
3535,957
1088,1579
2470,2563
3742,2885
1959,408
3130,1817
1915,2737
127,217
2243,2732
1412,2457
4066,2880
1332,903
1792,2231
3069,1088
4768,2461
2015,1989
4771,1402
196,53
2705,2892
2726,2752
3391,2408
1863,1829
2681,1272
1855,2400
579,683
2590,1658
3318,76
799,164
1556,1982
4715,1032
2321,2951
1245,2929
1367,1245
4035,589
1756,2757
2756,2019
3047,994
3470,333
2876,2168
4333,1789
2256,2853
2859,155
2662,713
348,538
2097,2317
2692,1833
27,508
3794,426
1164,72
1588,313
903,2027
3427,1695
2879,2802
4180,204
3352,2417
3962,814
554,1876
164,1882
2583,2723
618,2271
4883,2888
809,930
489,2072
1135,2671
3587,1121
4133,2357
632,671
3178,826
182,1886
4625,2940
3443,139
3655,1154
1866,2071
2807,949
4681,2447
2384,1038
906,52
2800,409
1284,2947
2663,1946
4902,1644
3650,1924
4183,2334
132,1291
2275,2467
2162,1785
4474,2411
3554,2095
562,182
2992,1582
4350,70
4931,2925
4037,170
2633,1389
458,371
1319,1814
580,2900
1721,2161
4318,1380
4036,178
4284,1793
1806,2873
4598,85
232,2532
1018,1016
2444,1377
4195,2272
1835,1158
1035,295
107,2398
2746,2803
858,2961
3419,2059
1094,670
1697,951
1581,2780
3049,2506
1390,932
1861,1328
4029,1220
1768,296
4854,1398
1042,73
3707,2110
49,381
2200,2088
3563,274
3458,1355
2925,1417
690,248
3404,2927
4514,2180
4290,561
4924,1020
2868,1420
2088,855
1675,555
4108,2161
1843,2640
2332,891
3630,1237
739,2307
2639,1762
599,489
4551,2364
485,1043
552,2161
272,225
1730,2177
720,2497
3376,1266
3074,1808
548,107
1350,2876
1931,1875
2926,1921
1328,1830
1016,1930
2301,2337
1807,2540
338,1215
2748,2182
2471,1077
2418,472
3737,320
2206,2216
152,1560
4816,1138
3448,576
394,1527
3464,1003
1167,186
503,93
1484,690
4843,1739
661,2831
3140,1434
1901,2264
1151,1945
2269,1865
4759,2231
3277,450
2176,1724
4892,545
2380,426
2487,2792
4602,2695
1876,699
4361,2145
816,721
1150,2060
4974,1992
2396,1545
971,2866
3053,2589
1840,918
4377,2005
806,2864
624,1121
569,2602
3687,759
1145,953
2155,2131
3875,1870
1182,1
397,499
2564,62
137,2625
4048,1705
4271,918
4047,104
2262,1215
3158,69
3855,1684
4846,306
610,1451
2713,1678
1038,1816
4737,2093
1638,2220
4410,1075
4536,1869
3870,2417
3477,353
810,999
2643,1197
805,2864
1173,1583
4616,564
1351,531
2601,997
2563,1471
3413,2363
2025,2351
3776,2123
4216,2609
3296,1910
4906,2734
3275,1565
2035,782
2315,746
4973,1696
1242,1222
2930,2398
185,2134
1970,265
1496,649
4045,522
2661,1169
40,1966
1808,1054
508,817
4344,2564
3940,1964
1480,858
3865,675
1345,211
2324,387
4944,95
1886,1048
1746,471
673,792
4352,1103
4482,1631
1623,196
4781,846
4400,651
4745,2653
89,1294
2254,1997
3881,1354
881,2337
3986,1555
1317,509
2197,1902
48,1974
785,2884
2547,690
4399,2513
1562,2364
112,816
1836,2190
2696,33
1984,2842
3190,323
2152,100
2838,2351
1544,2146
781,929
3101,632
3972,621
1050,2426
2283,1874
1409,1858
4159,1938
3852,2850
3750,448
2177,776
2612,1804
3751,2159
3658,1553
748,1808
4741,1726
86,1323
1630,2790
265,644
4060,1478
2110,257
3039,637
46,1254
4567,2220
406,2689
867,2197
4251,2139
2813,377
3439,2714
2732,1028
4640,2976
2837,613
3189,2887
1100,2698
3952,1053
1300,1706
2415,2977
826,707
853,2092
194,598
2399,1686
3028,2845
4903,1402
1891,2876
1916,2774
1847,1914
4773,1580
1188,2920
2630,243
2133,2879
598,2081
2061,1450
778,995
4672,1265
1138,471
796,214
4121,1336
756,377
391,2774
1803,1047
1025,2055
4644,57
4684,2346
2600,2419
803,683
4708,111
344,2201
2499,474
943,477
3903,226
2533,756
4298,983
2522,1063
4710,2475
3186,1158
1243,2350
4524,2583
1972,237
1539,1148
4380,215
3029,259
286,1236
3405,615
3202,2861
4403,2924
2516,155
4435,372
4288,1630
169,472
4480,282
18,735
2495,1296
4525,2026
28,663
2405,318
4636,115
3569,2627
1123,615
896,1379
2045,578
2136,2555
4980,244
4030,1391
2819,1775
4422,1396
3927,339
400,2653
4877,1823
1732,163
3867,547
1250,1238
4033,1757
2840,2137
125,1350
4754,1592
4330,112
159,2794
4354,415
1410,337
4782,2602
3429,750
2786,2552
1275,2787
4523,1234
4807,2303
1702,310
4051,2987
4799,58
4683,2337
4363,1198
568,124
1148,2557
1509,1310
4647,2451
1923,404
671,663
4013,2544
726,2081
2150,2795
2940,2250
211,278
2577,864
2869,1472
1335,1805
1565,2366
416,1772
1325,525
773,425
4954,65
2864,1858
1260,1539
4538,1294
4063,449
349,118
4950,1809
1046,1785
986,2760
4368,1837
3120,1969
3066,1232
4315,1347
3251,1404
4658,1932
3892,581
4382,1492
1238,393
217,1643
495,174
981,828
3269,405
1734,2126
1569,1727
4017,4
1492,659
1039,1143
2059,2398
1421,492
4634,562
2189,652
4850,2067
845,286
1079,2341
506,1719
2693,844
2578,224
3452,2279
2247,2306
3147,1813
2003,323
249,2275
1857,2605
4214,2205
937,357
351,1420
2264,911
755,2958
29,143
3297,2260
546,1685
725,2190
1331,465
376,2529
3002,982
259,678
3796,1026
4579,841
2473,2627
587,2784
4925,2137
97,1367
4256,261
780,212
3187,675
2832,1415
3216,942
3262,1464
2666,167
4814,2474
393,1829
219,1238
1802,2096
683,2906
1816,2166
824,2785
1070,1458
939,166
1485,2313
4653,934
2668,2375
3964,2637
4948,721
2744,1811
2248,1398
3056,1193
3357,1962
2504,521
1037,631
897,1746
203,1198
2856,1129
1529,864
2780,2123
4613,2885
4088,2351
1905,1695
2132,2703
141,1833
3724,639
1004,1586
2546,2932
921,1144
1240,2053
3115,184
4936,891
614,2952
3273,778
4833,1723
1043,2039
11,1625
4080,438
2998,2331
2009,1378
705,2834
2357,1027
540,2409
4488,2928
4137,2997
4307,835
4056,2662
4834,1664
3283,388
2497,2003
2657,754
3177,1098
1296,1945
3820,1050
254,1908
1254,1390
4203,2155
2670,1804
117,596
1540,1364
1115,239
2983,2392
2707,1034
223,1189
2314,35
4633,1873
4125,2619
3667,1262
2878,2969
2238,2502
2959,1522
4176,2361
1742,1065
4483,2282
456,1933
3943,1751
2960,1233
2029,1407
2261,549
1818,167
498,964
3936,932
2977,968
4815,1544
597,1565
1552,5
188,32
3137,2224
4817,1493
124,432
4335,510
1168,745
4117,1704
3143,455
3603,2305
2860,596
2068,452
593,1255
1479,2527
2841,2672
1226,1412
1765,2294
4845,654
440,1683
749,2699
2717,2539
1229,1363
2381,1489
2776,924
3994,1215
4515,727
113,2841
2106,2625
443,2475
36,2613
2030,1478
4166,2213
3521,2259
4078,2356
4129,1209
4392,678
6,1013
4339,2746
1602,1177
516,2557
4090,1146
932,328
991,1759
396,824
4073,1797
4860,2504
4381,2635
1605,1235
4912,500
3213,665
1773,1227
3226,2243
2395,2501
369,916
3441,2679
1767,253
2310,2513
4934,2586
2872,64
324,1499
1081,754
596,1175
3144,2467
4093,952
987,2595
1340,2309
4292,693
2288,1035
2520,1805
931,1257
4164,1005
2013,2814
2708,744
1353,1130
2920,1404
3551,654
4549,487
638,2124
68,1238
4169,2399
1408,2706
1205,1001
4685,823
4079,336
3108,1425
2946,1805
1903,1615
4522,2207
1384,2976
4481,236
2951,2686
4457,1204
2507,201
3887,2926
284,1618
3460,682
4712,2950
4442,89
814,2760
3764,2531
3710,1904
3361,504
4983,1873
682,2188
2816,1157
167,842
3267,1738
297,1771
1642,2361
1161,2544
4104,2826
4716,827
4308,2166
2620,1457
2852,1169
1999,2670
2862,1691
1406,628
4648,2561
1754,978
2798,1613
1478,1268
1613,2233
1251,2647
1454,1316
2250,729
4792,2405
643,617
3114,1736
1497,2705
3708,2640
3237,2476
3070,1306
1475,2779
1190,15
4417,2998
3976,975
3565,832
1054,2776
156,2008
974,1958
1126,715
181,2263
1166,710
1585,731
2965,1435
2259,2539
1639,219
3949,1723
1575,393
4940,588
354,262
448,619
4786,1792
4323,1196
715,1650
1705,11
2309,1244
706,2482
292,2531
2409,2201
0,2318
3531,753
2501,2820
1128,2895
2970,1597
3625,1852
439,2241
4662,386
30,2468
4519,451
4432,868
4897,2564
692,1558
1477,2974
3328,729
3445,1358
950,910
333,1629
611,1166
1626,1579
3417,794
1776,753
1066,35
1558,2014
1117,2530
3582,2764
3459,60
2482,267
2359,649
4844,1837
2609,1804
2151,657
4758,7
578,2196
3690,948
2598,1099
4530,621
3315,2473
4418,2682
4608,1363
2148,1770
3342,1366
4639,2143
1646,1737
1386,2250
1433,2780
4554,455
276,849
1363,2599
2480,2077
4448,763
1975,962
4691,2589
990,866
2036,32
2053,1754
3432,2094
3359,1383
3310,2008
2432,1929
4455,1480
829,786
1002,2134
322,385
2422,1491
3062,256
171,2000
405,358
4955,1041
1981,1527
4823,2999
358,1402
4532,220
765,1644
415,924
4676,1212
3248,2809
1538,464
1482,50
368,1052
2209,496
1105,983
2685,2068
1278,846
1736,1734
633,1202
81,1085
4735,1502
3133,1414
3694,1851
4785,1147
4343,1095
1491,423
616,1393
4990,1044
3478,228
2449,696
2790,362
1595,1493
2429,2119
2641,278
4470,691
585,1861
2211,771
3271,1930
1010,2874
4721,1913
1036,1413
1398,834
2326,1521
3704,1996
2216,1831
4727,2373
2192,2913
1684,474
1929,2339
2651,1196
678,1671
3642,2254
2410,2664
679,1487
2166,1709
4431,1243
2768,1514
1264,2444
3466,1974
2167,2438
437,2447
47,2442
3149,2232
2724,165
1302,415
3201,21
3586,1857
2656,1315
879,31
2618,1659
343,1967
1432,2163
3442,2348
3,1806
1346,1866
4605,1659
3541,913
2441,360
4718,2707
940,2499
1244,655
4155,950
605,835
3645,1214
3410,511
3829,2714
4896,1293
3716,1275
2291,2767
2934,2579
3568,363
3863,1128
4357,2283
2842,1898
628,1687
4175,2690
3163,2542
3207,1346
3508,2141
3878,1747
3817,99
423,1636
4702,2625
676,2514
3333,1620
3785,2019
4349,1721
4355,1409
1053,152
762,2026
2252,911
128,1455
34,2242
1430,208
1897,2225
757,309
4206,1164
3532,456
3807,474
1922,2904
3754,430
2701,2417
2453,223
4426,1785
4143,607
133,1046
2863,2833
4507,810
2886,208
2551,1260
4645,620
4609,2066
3895,1114
2619,1059
4857,684
843,690
1003,2016
1989,1867
3738,247
956,276
3252,1945
535,1914
303,2756
4941,2218
1276,384
2742,1887
3156,710
1908,2169
2214,109
1062,514
2445,2920
3641,539
4864,1615
1537,2811
1950,2434
3974,1550
1299,1675
3845,183
1966,2461
4131,1583
2650,2460
4576,1091
825,195
4910,939
1428,2922
3444,2902
1365,2839
64,497
3721,1729
33,1416
919,2359
4879,1651
3512,107
4211,2458
4855,408
1704,2264
3304,1189
4404,2724
4757,2294
869,2495
3664,1095
1500,1731
1685,2929
911,147
747,2318
3989,2130
31,1065
255,1498
3824,437
2184,376
4824,1480
3567,1685
2782,1800
3797,154
1954,2658
2851,1225
4700,1778
4220,38
1141,660
44,612
2157,1242
2477,2516
2502,858
4723,2897
2823,2102
1842,226
2667,506
623,456
2277,1934
4777,576
130,2895
899,2036
743,1366
4987,263
3693,1830
3087,1665
3407,2589
4677,308
4299,768
2205,2910
1572,2698
1265,2499
3208,2886
3298,2212
4167,2378
951,909
2452,1768
2199,2045
2278,29
2936,1923
3635,244
2253,930
4421,52
1811,308
1303,2068
1980,2349
538,1506
3020,1690
1961,157
1616,2
1247,485
2759,2094
3220,1375
693,1532
2459,2803
4192,633
1230,945
3184,291
3398,2831
1261,2454
4319,347
4283,356
4075,1035
581,788
496,1498
4838,2991
1495,2699
308,1956
904,1346
4649,2780
2867,790
1116,2917
2276,236
4110,82
716,713
710,622
3701,2654
1235,1974
4423,843
122,1881
4123,2113
1760,2860
3616,670
2392,2585
3326,992
3393,2528
635,1996
1873,690
536,1709
499,2669
511,530
4279,2563
3595,33
1159,616
2589,2161
3592,1416
3321,546
3809,2245
3778,2979
4479,2757
3496,1993
4901,1735
2158,2926
665,1493
387,1384
4812,2165
4671,2356
2447,2565
718,1448
1641,2776
2258,821
4097,573
4337,1677
964,1527
3629,1619
3416,461
1762,1264
1870,1555
2267,144
1028,512
860,740
3347,1744
3984,923
1359,1078
3263,2768
2725,2900
3669,2442
913,575
2505,1768
135,863
4497,2378
3238,2587
4856,1124
1618,2172
4624,2257
766,1901
4726,883
856,1169
246,2116
4174,1684
2298,316
3145,1113
4796,983
3291,72
96,1790
2572,2956
927,1840
1075,246
3854,2229
3941,2931
1439,1373
2962,1076
445,1497
2948,2799
2347,869
3792,25
1215,1886
3424,2676
2984,120
242,2044
4630,2011
3831,1434
1192,2552
1239,89
821,919
4793,445
627,253
1441,961
3838,2957
4984,2816
954,327
4044,2344
332,2259
3534,630
4419,1022
965,541
4264,516
2077,427
2008,199
3415,2919
1881,219
3584,1071
4476,1445
3919,1120
3968,2803
3327,2759
2625,2404
4208,2940
2450,1294
1380,887
4643,2524
1890,1706
3495,2235
2653,2736
2057,2309
2894,1721
3659,513
2980,2639
702,481
4241,2279
2140,2681
3590,824
3077,790
3472,1157
586,157
2107,1628
998,2276
1425,1181
4235,255
4326,1788
3966,2962
4603,1055
4694,1057
3821,2541
4193,1264
3043,715
3204,2890
3951,264
1434,2605
3965,709
58,2900
2999,1471
337,1393
4500,941
3311,465
3626,1905
696,438
4506,1092
4763,2252
4867,2754
3662,164
1227,6
2018,2241
2127,324
4329,2036
1936,1937
2545,2674
588,1253
3544,2106
2636,963
4022,2932
788,2673
431,1471
4562,2023
2575,2318
3071,164
2675,2996
2373,350
3085,992
490,1057
4098,1755
209,948
3284,271
2648,1247
4153,76
2535,2841
1666,1153
1286,1576
689,2662
1875,708
4943,729
1084,1110
4875,1196
2272,1812
1490,1046
1769,1421
312,1164
2411,2951
4003,1284
3657,2875
3706,1523
3604,1697
2773,2887
2215,894
1973,2419
3110,2754
2801,143
3268,2129
1372,2748
2493,660
2944,1618
3191,749
3928,1052
2638,2131
3747,276
1013,1894
4219,900
158,718
3728,791
3828,108
574,1426
2394,1337
873,356
2538,2373
3274,2916
977,24
2880,1354
3151,663
1023,1945
2468,597
2284,1372
2341,884
793,626
2207,1434
1139,1680
2239,2229
3944,2240
2737,1994
1862,2300
1994,111
1748,2664
1067,2841
677,1394
770,1303
1413,2003
2390,433
1098,8
1417,562
1889,2829
2263,2142
1459,2681
752,940
1289,810
3282,1600
1059,694
2824,2628
2954,398
545,2061
3481,845
2542,466
3198,1637
2645,890
3172,2844
2050,2686
3012,2908
2966,965
2491,788
2607,2697
1799,2211
4547,1073
2775,2514
3052,778
1266,457
3457,2124
3476,1141
290,2088
2081,695
1285,2747
2571,602
4667,981
467,1881
4544,2513
2795,1680
3399,1418
3286,2410
2565,2252
4905,610
4388,2906
2465,271
2526,153
2777,2016
972,970
4150,385
2460,2338
1657,988
1982,2457
2251,1419
1612,1715
2413,150
4861,580
1045,1879
1621,2905
1329,2110
1549,1487
1814,1361
3699,1567
1133,49
1504,406
2715,1800
4749,1291
2142,1651
4031,654
4969,1063
4881,367
2397,328
3840,1320
3715,1941
1550,324
3068,1053
1146,2109
4731,1675
559,1939
3487,521
226,2989
3044,1210
1761,2633
4809,1955
3926,829
2336,981
3375,1025
4719,317
60,448
24,2459
2100,1162
2914,2174
3067,1955
3119,2269
3987,2178
2929,1568
3337,2705
1063,1389
3224,2905
1985,257
2624,150
4147,1823
2586,1869
754,2418
1197,2083
4942,2631
4254,951
1703,333
2738,2283
1488,1134
1751,2043
206,256
3193,1157
2784,2516
4865,945
1519,1136
4976,2636
19,2716
2755,2349
4301,2423
2528,440
4930,407
3932,2862
1837,1199
3166,1146
2198,108
3406,265
4124,2071
3026,2275
2979,307
4105,2457
2788,2584
3953,200
500,2307
4622,2209
2488,1443
408,2537
2817,1847
1698,2930
2014,798
2602,1920
4689,2212
3697,2164
1882,1974
1533,2783
621,2854
174,1959
890,1498
1212,2890
3608,255
1774,1123
4546,593
2548,2625
3438,2807
147,2498
7,1977
1366,821
1049,297
2120,201
2286,533
2721,2812
4425,1847
1,243
1257,2538
4794,2186
2490,1883
2875,503
477,295
2833,658
1554,2391
3366,1184
3665,2405
3862,2302
1786,344
4359,189
763,484
2560,535
3461,1439
455,992
3712,2829
3099,363
837,2523
3003,559
2812,850
389,772
2906,751
3798,635
403,2022
2365,619
1750,1117
4534,2756
2416,1284
3981,1932
3173,197
340,715
3005,392
4012,2584
3804,966
649,1033
2688,68
248,2560
2968,1903
1949,149
3175,1919
4578,2724
3773,1662
3148,2205
410,404
884,1106
2325,2270
527,2860
1362,1148
1725,2135
1471,541
4296,663
3930,1939
637,2625
4327,1702
2195,2602
2179,2581
3552,638
3749,1568
1589,312
1438,2948
1911,199
4496,1200
2769,2861
268,1031
1829,2324
790,294
1810,1138
4081,2788
17,1362
3771,346
1415,2543
2512,2888
2327,2120
102,755
3719,186
4059,1386
922,1268
261,1580
4714,1645
227,334
1216,1319
504,274
651,1968
2933,2153
2740,122
3819,1876
3572,2781
2075,66
2369,105
1020,2344
459,517
783,286
1883,1116
3180,1211
371,2470
1992,2757
1825,603
294,493
3367,7
2017,1763
3649,1926
3302,2613
1271,13
4655,2339
1474,2336
3812,119
1277,891
2457,2174
4115,2596
15,1772
4331,2640
2774,1892
1622,1570
1782,1421
2822,44
334,1853
3653,786
1671,932
1364,2306
1715,2691
148,2481
2138,1427
2778,1876
851,1131
976,69
3214,1519
2898,911
2927,1913
3253,1535
3573,2311
1185,2760
2931,2808
2048,345
1292,2275
2703,2726
4998,2583
3982,98
4277,2648
1543,2458
1610,889
247,2317
1943,1445
2958,735
4545,2099
994,1179
1632,415
1647,174
1839,2299
4592,2854
4477,400
3692,1013
2892,817
2358,300
35,2136
1108,1220
2401,1742
3024,1626
1720,1604
4445,210
4452,75
2676,1019
2730,1400
759,2841
473,2153
3426,1485
3606,2527
2757,123
531,1640
1547,1883
1033,131
1435,1577
838,630
367,894
3471,1983
3197,2268
1156,709
1930,67
409,1943
4916,1228
547,1163
4200,752
1233,918
2689,1482
3524,2979
2540,1582
2442,361
4468,1547
1007,1749
865,437
4704,69
3818,2484
3810,1512
4257,591
189,1312
2137,2685
3006,1711
2796,961
2034,1700
786,386
1327,2183
3834,1206
3698,1396
4433,1018
2425,2692
3492,2950
1014,2977
4185,2728
640,1165
296,2809
1559,2268
3729,539
4732,2540
4300,421
3954,2291
3343,1159
4840,221
2156,499
995,1224
4698,1027
2750,2769
1431,974
2616,2241
1047,324
3961,2638
341,1680
2558,1962
4635,2656
1241,418
1457,1353
4023,1676
26,2056
134,1887
4559,2866
3462,2854
3038,284
2387,2656
613,1324
2114,2898
210,2469
1446,1539
1506,538
4918,182
4505,2177
4552,967
880,2257
4659,714
1740,1888
72,2768
3648,63
912,2681
4173,2097
708,802
3703,1106
2857,1443
4334,1810
3493,2231
3504,471
3814,2941
3503,672
62,46
3636,2391
1910,2213
57,1558
4370,2174
4539,319
82,639
3766,534
325,287
1201,2006
709,1183
528,2078
1177,590
2597,1360
3859,2258
3585,536
378,289
4526,2296
2889,353
4853,270
4313,1762
3289,2028
4880,194
1262,2602
1956,2092
214,44
1080,2233
3753,2228
789,219
703,2322
4739,2785
4020,291
4239,2477
1068,2275
3784,2347
2124,84
4695,1288
1288,2616
3239,1185
1695,1030
2911,729
1382,1721
3912,2235
244,1085
2304,781
2729,804
1627,2879
42,768
361,592
697,266
260,967
2483,506
3696,2415
2523,1105
584,844
487,2461
3498,1734
419,263
4122,2734
3254,1641
1283,749
1085,235
2002,1804
1849,2669
2154,2832
958,2663
1022,1617
916,285
2494,2666
4929,208
606,2805
4054,2565
2637,1096
3422,235
1078,1954
505,554
4572,908
3661,867
4651,839
1155,233
1512,965
510,1708
1455,394
514,2215
4295,2366
4441,734
4171,669
146,588
4276,914
3179,2618
4232,1063
4141,851
2049,724
4130,1899
3055,578
4444,1629
331,259
4270,2827
2451,755
4967,805
3904,1477
4670,2416
4026,282
3624,638
2829,2504
3637,2787
2913,1945
1637,594
4926,1914
4656,2726
1744,1706
3833,1742
2500,1286
3598,1668
4696,747
2606,2551
2079,2768
4729,1715
2076,1699
4911,908
347,1865
304,1847
4085,725
2319,610
561,821
3960,1737
3632,757
4510,2448
4697,2311
3050,2040
3938,2793
444,182
1122,51
3847,1173
2810,2608
2375,11
3578,775
2855,1267
293,2841
3711,2094
3381,888
4529,1810
1397,2205
2196,2197
301,2782
714,1924
3437,1055
4503,1362
1859,1334
4582,1029
3212,1620
2945,1348
1031,173
3065,1736
530,287
1997,2167
3523,1412
236,263
3983,396
1696,2219
1347,1735
350,1662
4928,812
4937,1088
2472,1120
2006,1499
1957,2808
4114,2138
2910,647
8,1300
4965,853
2066,2206
1255,2619
4,239
306,481
2169,617
4982,549
2588,710
2581,405
3338,2742
2182,2620
4917,226
1576,400
2839,1772
1823,1849
4261,1591
2346,821
4665,2284
2919,1653
4960,1089
1727,2420
734,2590
1819,1426
1925,280
2213,1120
4042,1463
968,2495
1118,1490
2313,2855
2982,2429
895,2125
817,2531
2220,2294
2099,589
4574,1464
3491,77
4866,2348
2153,1784
1107,2203
4869,2467
3054,1931
4939,2243
746,2200
4872,915
425,639
4742,3
2623,2804
2716,141
1407,2840
3507,1927
2593,788
646,916
3992,2087
871,482
1321,126
3232,1695
544,2249
479,415
834,1878
4541,118
365,2578
414,409
1996,1866
2001,667
3394,1382
3418,1443
4963,941
4863,2010
1594,2950
3848,2485
2144,2098
215,2506
2398,1734
728,629
1246,256
1945,1087
4099,1070
4743,1390
4904,2526
212,1174
3329,2666
4921,1060
1298,1721
639,2779
1112,1544
2991,945
3245,161
4338,1049
3400,645
2555,1803
4469,1001
1170,136
4829,2900
3379,1890
2280,1870
1313,1484
4518,1040
2718,50
2711,1174
973,1600
1440,2432
1867,640
2570,2627
740,1487
3227,1502
4253,2937
918,2586
4813,2728
1607,2029
4908,896
3293,507
955,246
1463,793
1900,2076
1445,1463
2481,1289
617,2763
4199,2370
1295,681
1377,2359
3946,951
760,860
4346,1935
3362,1309
2881,1529
4520,243
79,1198
985,2856
2537,2990
2316,1976
1822,2009
3494,1817
4889,2825
3615,205
4614,45
4493,212
4402,794
3272,64
1280,2293
1926,2495
4733,2940
2414,1367
1676,1171
3510,2273
1458,2073
1106,246
1536,121
2417,1251
1481,629
3985,2505
1052,1875
4650,2333
3313,2445
1468,1481
4389,1211
1376,2973
1624,612
1598,1598
4324,2470
140,955
4207,703
3788,294
1534,2764
4637,823
3576,1299
3086,79
1204,2069
3314,1019
4340,1799
3159,1882
959,194
3643,758
3242,1444
583,79
4303,1414
362,1725
1322,2496
2891,2797
4222,2866
1531,1481
4584,719
2567,1588
4585,2625
1258,1885
1800,1411
4787,1451
4286,1970
4170,1791
4996,938
2287,812
1906,426
910,1512
4252,1978
1995,2287
25,609
4713,1973
768,582
3990,931
1649,335
3104,2274
2461,73
798,1113
1674,1971
16,2896
3196,1043
2222,2812
2379,1625
4038,444
2427,781
4617,1547
2963,422
836,2179
88,2961
1687,1220
1971,178
1082,152
233,2113
2981,1226
3922,646
1193,94
377,1550
3339,2505
4289,2641
698,496
4414,1586
4800,2572
43,1787
2736,1742
1089,1827
3884,1286
74,1503
2850,1251
2180,146
2274,589
110,98
644,271
2194,707
1678,2455
3945,151
3080,881
1655,168
1888,1692
1935,1496
3656,1424
3370,2042
1965,1552
3733,1946
1600,920
305,2090
1895,1455
2348,1259
4907,763
1279,1207
3195,2318
3440,2179
1092,1883
4089,275
2389,1411
1163,1086
186,71
4142,1686
2297,1104
3279,365
1333,825
1411,2423
2922,542
4686,2386
1960,2526
1711,1662
1885,1616
4415,1176
687,1352
3095,2637
3562,1960
4011,1991
486,2479
2702,2252
264,1801
4581,835
2317,2703
2186,799
1143,24
2779,2856
1571,597
4663,2951
3453,2554
1354,814
558,1920
996,1129
3182,1552
3215,2399
3647,1282
4986,1762
4776,2338
3856,2728
311,1080
4988,2141
3392,780
3612,1470
4882,690
3380,2139
3745,2925
4002,2814
4808,153
4705,1875
4061,1706
2191,2145
3319,1920
2306,2221
3307,2893
4177,1362
2022,1586
3025,1749
4187,1508
3596,2918
4287,1032
4032,2958
3072,1919
4747,1030
2935,1070
4725,456
2377,2619
2101,835
1617,271
1169,1334
144,1894
4454,1855
2311,114
3555,1920
1305,1724
457,431
184,1335
493,1924
3714,2922
2763,993
1515,1309
3490,155
662,1476
4065,913
3331,247
1763,589
4878,728
4215,486
2108,540
4087,2168
4620,2094
525,1176
830,1933
3886,61
3644,730
1611,2680
3396,706
1119,1868
1766,800
815,2509
791,2987
2455,1911
472,984
3505,147
4641,2080
4095,2024
474,2445
2086,1040
4528,2924
529,2430
3678,2800
323,1864
1200,2730
3125,1198
183,1904
2785,154
4285,995
1165,981
3837,1114
4449,119
327,2316
1511,195
3236,74
1718,2033
3033,303
4161,2905
3826,2414
1948,45
3084,1705
4229,2409
2765,1302
4485,630
3533,2784
1824,1130
476,572
4611,1590
4168,2295
4071,692
518,715
4046,2365
3547,1165
4765,1149
523,1309
3907,193
3264,1883
2160,2366
1574,709
1690,745
238,1063
3434,507
412,454
2041,1174
2080,1684
1770,2391
4555,582
2900,285
1189,2121
1456,1370
4501,2695
4533,1557
1759,349
4396,831
4225,1928
4977,2627
1733,324
999,2513
191,613
1899,788
1599,645
4628,1011
2329,175
1058,1969
555,2326
3560,1556
2848,434
1152,1668
4016,2896
1158,323
38,2268
3256,651
1087,2852
2078,535
1653,1675
2271,91
1665,615
846,2085
3019,2813
1065,2622
4217,1923
4395,1229
2882,2624
1686,2494
591,2036
2109,2862
3123,1009
2617,531
1301,2122
4055,1078
707,2504
1608,2276
4263,814
1195,943
3756,761
41,468
4952,2653
4975,1670
556,1055
1019,909
3058,1055
1804,1188
1652,257
3911,2695
1820,973
2117,1103
4744,2334
2187,1384
359,981
131,1329
3121,77
2385,2976
2023,2954
2818,2201
488,2601
4831,2697
1153,934
4302,1367
1928,520
4664,87
2556,104
4801,1952
4305,1112
948,1314
2794,1215
1104,2470
4761,1605
2797,2962
868,2115
4458,151
3979,2653
3548,496
3921,261
609,2413
3122,24
2918,2928
3786,2876
3800,1673
886,1688
625,716
3628,1805
3666,2181
2544,2016
383,2428
2988,2020
3768,741
3723,579
889,1636
475,2768
4935,2390
619,2893
4542,918
2907,2830
3755,2078
2334,81
4259,370
4274,1929
4248,2302
1103,504
4995,1658
3128,385
2084,458
1625,945
1180,1669
401,1119
2753,2958
2614,1761
2722,1285
1453,1615
321,2624
1780,2880
4778,1163
4553,130
4378,2817
4701,177
1860,2186
3527,2536
2221,515
4513,455
2803,2165
2549,2761
4927,2381
4886,1450
3332,2505
653,1995
2658,272
3290,2095
1130,1503
4074,1214
1120,2158
4371,1292
4779,1905
4172,1031
3482,2217
1914,183
1121,2885
4069,1721
2664,1420
1461,2022
2234,613
3023,2206
4870,2999
3677,2151
1309,466
3566,1779
4358,308
1944,1332
12,2197
753,1782
1086,804
3420,2957
533,935
1692,1165
2599,1333
2956,2922
733,1311
1714,1555
3061,718
1000,269
2019,2344
3539,92
929,12
161,820
1983,1995
2161,2862
1815,2346
2986,2265
241,1009
1532,1963
1224,49
4182,823
3731,71
3589,1166
4152,308
2400,2123
4841,653
4957,1973
177,2828
4478,1589
2690,749
1582,1153
2125,1655
3358,2097
3502,255
2235,1726
2673,2565
2642,2988
4711,1216
3430,799
3688,2079
1812,2013
1253,793
3348,742
329,672
1231,2862
4994,1251
1237,1829
1893,2072
1385,1330
1297,2336
235,1434
2997,2441
1057,1307
3593,2161
4690,1466
978,2248
934,2531
3538,2901
4803,180
1291,467
491,2598
3920,51
3885,1433
4294,1740
2783,1765
2356,658
1644,790
3500,165
3387,509
3280,984
3931,1526
3741,491
3433,1946
4492,2833
1460,2496
3447,1517
1005,1348
767,2171
4784,1810
1071,2557
4966,1479
3631,2786
2171,940
1294,634
4144,265
4819,609
4891,1375
772,2054
3717,1935
385,2600
77,2435
2950,1639
1056,2882
1570,2493
4646,1216
1525,2845
90,502
4537,1157
2604,869
2175,139
2975,566
1389,408
4668,2406
3902,1083
2094,352
1809,759
4661,1228
2503,2097
207,2190
626,1355
4827,1190
4805,1773
2734,1929
4999,2739
795,2676
2893,105
3511,2653
4502,87
1597,656
2745,2684
2628,1387
2051,304
3971,2018
71,199
813,1997
4178,1805
522,553
3769,872
3765,851
1001,1846
1181,919
4610,1595
4345,1125
4595,2373
672,810
4818,526
1012,1337
1394,857
2129,2066
104,2456
3617,2677
1700,254
2485,668
3030,2464
1444,2129
3893,2030
4836,2744
1218,2086
4021,562
2877,1944
1508,1641
73,2226
3601,1234
3914,1852
1879,1698
2436,1483
923,2698
3356,2763
424,1559
4393,1653
4456,730
1095,2060
2727,2205
3449,961
3557,455
4262,2028
2163,2626
2669,567
4407,2782
4375,2416
225,2028
3836,1122
3324,2094
4772,2073
1850,2980
2426,666
266,2557
660,1879
2873,1897
2093,74
1274,1762
4720,1907
1452,188
2749,968
4852,1459
13,2676
1739,999
3670,475
1528,2027
3206,2820
543,2658
4427,910
1379,872
190,1992
3431,2234
2351,352
2916,2849
63,1970
4312,1559
800,1599
1553,2876
1789,42
2159,617
285,2615
2323,173
1273,1582
3134,559
245,2067
2056,966
572,2590
1061,87
363,2136
654,1868
4475,1812
2231,1754
2246,2721
1619,1789
180,1039
3571,1340
1845,2873
119,1608
1787,488
2123,647
1713,202
4411,1354
157,2296
592,1254
502,2316
1393,584
4247,563
2811,967
87,480
2903,2631
465,122
658,271
3316,2198
1670,1703
1735,1124
3638,1987
2591,2477
1383,2025
2270,1250
1856,2542
2292,2869
3526,2820
3580,2772
2594,2099
4472,2298
1017,496
2978,2254
4429,2079
1813,1827
2961,174
3570,1678
2134,2157
426,520
3540,2311
3682,838
3040,2691
2506,2150
893,1554
2699,2296
670,126
4573,2013
3808,211
216,1548
3980,845
4466,1876
2899,1615
2072,949
1467,272
686,2149
101,2670
4862,776
745,2798
4265,2865
126,431
1775,257
3257,2709
3689,1280
1494,667
3947,280
3767,859
2955,1554
228,1511
1249,25
3748,1933
2402,1407
2266,512
4067,1014
1334,1188
2448,2311
1472,1091
466,2192
4027,769
4221,2245
3484,1704
2846,746
4320,2222
2629,2308
3686,936
4451,2055
4446,1915
5,48
3799,1043
468,308
1912,1132
2020,1551
360,1891
3618,145
820,1315
3594,2623
920,2063
1854,1470
9,949
3529,2534
3789,817
4738,337
4126,2369
4160,2298
620,2719
3763,779
4972,1288
4366,2588
2443,2403
2098,2036
106,2232
4163,754
3772,1470
2412,243
4413,2022
482,1424
2652,1138
1179,338
3882,1734
231,1785
1162,427
4049,1094
427,1429
2104,2353
4462,86
2464,2521
1352,392
1448,1969
3330,1607
2295,1902
797,2448
3827,2597
4632,390
4587,2407
1719,432
4802,994
1643,2316
3497,1207
2371,2320
2660,976
3093,419
1846,96
418,1691
3150,113
3425,1197
3102,978
2031,61
170,1316
2092,1819
993,1802
3720,1581
52,1601
3401,1670
758,970
3021,955
1841,1818
3089,1841
992,1513
395,563
256,2713
3395,2353
811,1705
1030,240
1791,2424
105,2940
1680,119
1447,1483
3097,1834
854,1319
4597,1955
823,1069
3683,2888
2937,2098
375,1560
3967,22
3609,2710
433,1642
602,2904
1967,1338
3849,67
4394,2121
1661,1892
98,2893
1784,1047
2957,2165
4204,2977
138,228
1741,2047
966,2587
3278,1497
3622,1132
3353,1406
4722,484
1797,2278
2680,973
1217,1375
3832,1238
2469,1824
469,2550
3135,415
1609,865
601,2408
4040,1723
926,2344
2761,2184
988,2691
807,1520
1672,2288
3113,905
2484,1204
2403,1159
657,1229
382,2314
1236,1201
4091,1041
801,940
61,1529
3948,53
629,1529
542,268
1339,1411
1927,657
3203,2928
2808,548
1514,2889
1426,2600
4565,1668
1090,2978
4511,2965
1924,501
352,2282
3162,537
3288,2713
2378,1834
4401,2674
3368,1695
1527,2943
3890,1939
93,2600
2767,1082
278,207
1272,794
4309,1961
2531,1805
1781,1321
3127,2355
885,825
4118,2622
392,874
2344,1202
1603,1937
1629,1930
4246,999
4842,82
681,1852
4570,1101
2355,814
3100,258
3467,1741
1127,1150
4868,1289
3816,2885
3194,2096
1175,2684
3199,23
4991,2987
213,2792
953,1574
4675,2912
116,1696
2242,1811
3107,2721
2475,1406
4693,398
4436,582
3165,2030
2296,2367
269,669
1990,953
1219,1704
1660,827
2529,1508
784,373
4951,1064
1831,1144
828,2805
145,2970
761,1319
3219,2285
2225,364
3265,1201
4914,2611
3684,1345
4750,833
3674,806
4687,1941
258,1212
2052,849
4196,96
4858,1906
2677,1631
4580,2407
2026,2897
859,1230
3675,1323
3181,2842
4560,171
2686,2500
4669,1627
4839,2027
2854,2834
1631,21
1878,2844
4495,2888
892,1103
4887,628
4369,1309
1051,1480
4181,2569
925,1302
2792,2032
4575,2130
2659,2206
3823,185
680,828
952,1219
4322,2979
3939,1666
571,2388
1978,2967
446,1666
3057,2922
3109,2471
2559,1690
4795,2469
2921,1169
386,324
1920,2926
2771,1982
3350,2485
3161,319
3685,1646
4430,2059
492,1327
54,2550
10,1699
1817,199
2165,2985
1373,2748
3217,1809
4594,482
3757,4
2054,2904
3651,284
3450,147
1424,1458
3233,629
4135,1800
4268,2084
582,494
2802,1686
3088,1942
4353,2654
4024,345
534,759
4724,1013
1336,58
1306,22
1679,2351
2655,1795
4775,2725
4373,1735
1872,1381
1171,767
2603,2115
2605,1553
3673,997
2430,1467
1874,2594
3793,2848
2532,1007
2361,130
4548,1439
2874,1279
2550,339
3354,1540
3285,663
3176,555
4607,1637
3322,2636
3259,2950
3488,738
115,260
4281,13
1015,457
2799,2213
4780,477
2164,2772
2224,310
2345,1481
50,1258
4086,1190
2712,2603
2621,2720
319,2857
3118,2380
1834,631
4406,1028
4557,1858
4213,963
452,686
3160,484
3923,1874
1469,2735
291,1248
3958,993
32,954
3131,1444
2972,2728
1518,2356
2370,2267
1894,1556
878,2745
436,2896
711,2597
143,1110
570,817
3480,2948
3436,1851
2082,2503
3323,2518
3553,1543
252,149
3312,1066
3705,856
221,189
1604,731
251,238
4278,2112
2534,1580
3543,250
1852,835
4798,958
2393,797
1977,125
1524,2276
1898,950
2337,1586
4638,1790
2924,678
819,789
166,1877
4034,1420
4767,1878
1722,1879
2561,1488
3991,1968
4291,2167
4140,311
3247,1038
1955,818
2360,409
4385,1468
4437,1041
1401,1723
4728,2217
2,244
205,983
2112,2016
3805,917
4627,2995
1501,880
2844,2826
2700,531
103,777
1793,1243
1634,2920
1074,603
4109,893
2634,2803
4516,1953
364,1441
3308,1489
4932,2431
2804,2085
4612,2694
1281,2233
4146,2486
3141,2756
1940,1553
1110,2050
3222,568
4443,1169
4504,21
861,167
3614,192
4223,289
1154,112
3913,2085
3369,592
769,2571
901,1365
45,2883
4894,619
76,86
4682,1368
163,1494
594,554
4165,1060
3546,1033
2608,2278
2096,2947
2149,578
3317,9
2496,2104
1211,80
165,595
4391,1744
2087,737
3634,657
3806,421
3802,1762
675,1562
2831,2943
3660,1143
1476,1032
3094,2942
1355,2651
3899,602
4884,571
1545,1739
2674,1534
3117,2327
876,890
3168,2825
2440,1139
4961,1122
4679,403
4272,293
3726,625
4132,28
3898,912
4050,107
99,760
1487,2150
4194,2380
517,2996
3999,1531
3577,2613
4527,1981
447,2559
109,1691
208,1510
1343,2095
1681,1223
2952,116
3545,1966
512,1988
2762,586
4465,13
3111,2716
2973,1415
2122,2191
3200,2770
567,2142
699,1468
3997,2577
1027,2338
3231,1376
460,2511
3680,1853
3349,557
2828,1075
1522,2083
429,0
281,212
2764,270
3613,314
812,68
3309,2042
2318,161
1029,2701
1939,2048
3872,2423
1942,866
4730,2649
3249,2623
883,2929
4604,2957
501,1517
2027,709
2587,1965
3414,70
850,816
1593,371
1758,693
979,2697
4107,400
275,2625
4179,827
984,933
461,1474
2185,1011
3031,2008
4956,359
1628,182
307,2541
1101,2284
413,13
2901,2703
1186,2781
1667,581
4420,1581
3383,1773
2912,2933
2706,401
3761,1007
532,1453
4566,726
2212,1597
313,1263
4938,338
78,1664
3157,1186
4376,1615
1341,32
3010,2761
2541,2031
3909,2448
449,2945
2193,2333
1794,1104
237,830
1316,1648
1805,587
4234,2267
3942,2429
3334,2716
1221,376
1160,1804
3106,2305
2145,2621
842,1887
684,191
2849,718
3167,2806
3154,1288
928,735
1157,1016
1093,2381
471,2432
2731,246
3933,2329
22,675
1738,1089
1222,14
1077,2753
2739,1495
2130,2888
1749,701
4094,588
804,82
4543,899
3910,193
3934,805
1946,501
882,2230
794,2819
2091,1786
4006,1128
1659,98
4489,2832
2230,827
1505,679
2640,2835
95,926
1699,2711
844,1972
2367,733
318,2632
300,1169
3518,2232
2463,325
326,785
4015,720
3929,448
3341,2965
2434,466
373,1083
2308,2988
3924,1954
1567,2723
4997,634
1069,1596
941,1510
2065,1228
2102,243
4953,783
4149,436
1517,1899
2517,1487
317,2504
92,609
4157,2532
4064,524
1587,137
1191,293
2511,661
3228,2815
565,916
840,1034
4440,1068
3880,2969
3623,1476
3124,45
4240,1083
2245,1827
3955,888
4804,2943
2431,2673
1060,93
1937,1198
2908,401
4332,2282
2128,2899
3501,1203
2386,1434
2834,2998
3243,1367
4139,334
1828,2271
2536,2768
946,1604
667,313
2219,319
721,184
453,839
914,1574
2772,1261
430,106
553,239
1268,1578
2665,128
833,2848
94,246
519,102
4236,2800
4806,2562
142,2033
4791,486
4464,2742
3250,2494
907,342
1427,922
4018,1538
1551,2988
1723,2976
4100,184
4383,1017
2135,1329
2362,757
575,2937
2366,1766
1737,1156
4106,1941
3435,1870
2519,598
1387,231
2728,1617
4351,2169
4057,1462
2372,931
612,1019
4968,1481
3454,83
980,2508
1745,715
4260,199
2733,1586
2615,125
2489,447
4822,1992
1055,156
1248,519
1561,2205
3621,2071
1958,1287
289,2339
2069,2103
2382,1532
2265,2143
2723,2185
2714,1601
1187,858
513,1585
2969,321
1636,2551
3266,2867
898,1857
2203,454
4540,2072
2993,1542
1330,592
199,1896
4112,2468
1371,835
2626,2956
108,1420
4740,1411
3340,2265
1560,1255
2610,456
936,1368
827,1412
1716,2142
2419,1187
3402,2729
2257,2365
4586,194
3136,909
3303,2903
2938,2630
178,328
3185,1565
2328,676
4913,2876
3744,2884
1717,354
727,2473
2141,72
835,2290
509,1038
2466,2531
4228,1281
288,516
480,2272
2236,1543
822,1492
719,2723
3428,1464
4434,1147
4898,2674
1752,1150
3305,2080
1523,2699
4461,1226
2915,177
2354,697
1677,2614
1709,1887
2046,244
4590,716
2044,2872
2085,415
1747,383
149,1934
2942,2645
3758,192
187,2521
336,2649
2007,2226
870,809
1979,1301
283,588
659,395
1546,610
1932,2079
2821,2588
3663,2298
1566,2230
4652,0
2312,432
3306,2255
4102,801
1520,928
1991,2346
4201,496
744,1472
1040,1416
1848,2549
2040,932
2990,266
4205,1969
4985,37
243,869
989,84
863,999
381,2082
2887,634
1896,1893
4959,2584
3015,536
4218,2987
847,2233
2895,2094
2282,80
1726,221
1640,549
3499,658
894,1090
2406,577
3775,1925
3451,1565
279,521
2576,2756
3299,580
4517,2093
4077,48
4734,2567
3916,47
3292,1550
3076,2703
1091,178
4752,2445
3520,1749
1388,679
1578,134
3709,2875
2233,2158
55,1433
3081,1774
2697,2023
888,2185
4019,1898
1796,286
421,2509
3760,839
4992,694
434,2087
4138,2498
2830,982
4072,599
4692,2338
1743,1804
1753,2356
3901,309
779,2110
2033,1352
320,638
3000,2762
3344,819
2883,1947
4374,675
1008,1620
1136,478
4008,2735
4316,764
3803,1969
4397,14
1968,2235
3781,1109
250,1174
4606,1801
3774,2890
2349,2786
2568,1730
2486,934
454,2634
1198,2200
3877,1260
3850,1879
945,2363
3042,1662
3889,1664
2210,1408
3795,1699
4678,2217
3345,2880
1323,2968
173,437
713,598
4328,1764
4188,1838
4766,1049
3008,274
1368,1923
1102,504
2388,495
2070,1923
3908,1155
4851,2022
4053,139
316,2272
944,1604
1902,2302
1312,1742
1437,2204
1396,2337
2424,1528
3515,469
2518,955
4245,2697
1988,2802
310,1442
1788,1648
2758,2624
2647,44
4949,2031
3607,2426
2573,671
3536,1061
4039,1161
2611,913
372,2410
1223,1732
4186,2535
2687,424
2010,105
852,411
3811,1727
1256,1751
3679,2387
2678,979
1142,542
66,1801
729,911
2115,2908
4127,2541
3455,2447
4915,2968
4810,2839
1486,1246
2229,779
4797,1645
240,2827
3668,764
782,2871
3244,2137
832,1054
2995,279
3016,887
631,1065
2456,289
2168,837
1795,1971
2552,940
1414,2041
3959,2004
192,1287
2293,2851
2476,2287
864,1600
539,2353
2227,1558
195,2121
1938,1133
298,2467
230,640
4487,770
4009,319
2596,1963
2888,2346
664,2043
2423,2243
2917,2498
2331,739
1232,435
666,459
4084,951
1962,1010
220,1511
2735,1739
2000,1574
4621,2554
2090,2922
2492,2954
1880,982
3780,202
3046,1791
2897,2999
4255,649
2719,1535
70,2833
3096,393
862,2062
75,1605
2383,2647
656,2379
3073,2744
2467,1587
905,705
700,1906
1307,2000
2038,2301
1555,2031
2890,2520
3770,2656
2428,92
2847,601
404,1373
3209,2685
900,236
2338,1338
2446,645
608,2097
2654,1064
1499,1290
155,2496
2067,998
1706,1277
4673,568
4826,125
4521,2254
2478,51
1502,733
3905,2169
20,1957
4774,2467
3519,336
3843,2753
1144,2220
818,1937
3221,1884
4583,668
1418,2759
3045,2823
3906,280
1868,2810
2793,1329
4601,2639
3174,2651
4993,1627
521,2927
2974,1256
2147,2804
704,181
4753,2047
4788,1856
2119,731
218,1682
1663,2092
1320,1297
685,163
4360,1198
3732,1567
3218,835
4849,2969
1844,850
2237,2369
732,2215
2691,1647
3474,1604
849,1788
4014,2252
3064,2474
1952,2098
1510,948
1526,636
4341,1018
2063,1725
2539,902
4162,491
1542,1086
3918,2565
4243,364
3925,1709
1934,147
388,2921
2223,221
642,1021
4321,2159
3164,2922
4535,1774
3558,1308
1917,1778
4736,1356
1586,1689
2226,2718
4416,1863
3378,300
4964,1152
2058,416
1583,650
4764,1288
1083,843
2335,2957
4876,1652
2820,1443
3320,1987
4717,666
4145,1556
1113,1627
2435,1970
808,1916
938,788
1731,1098
1207,2475
481,2675
1129,895
4116,2725
1498,900
309,2756
1614,2288
1184,2636
3287,1068
1648,1814
3559,2797
3700,1143
669,2212
2827,2542
4588,1542
253,1744
1132,32
3230,1078
724,1319
2353,24
3791,1416
4412,1679
1072,2644
4405,185
4424,1305
80,2220
4699,631
967,211
229,2681
577,655
652,954
384,1262
2113,2900
59,1181
736,2362
2055,1032
4362,295
2694,2968
2515,1360
1790,842
2333,2552
2421,1334
3409,194
335,690
874,1855
3691,2138
641,1089
902,1386
1399,2904
21,1406
1416,2184
4755,488
1419,1579
3059,150
1620,1038
3842,814
3374,2211
1357,2798
1969,618
1654,1409
1724,313
695,1583
1801,1047
3900,2037
3276,2718
2368,2037
2244,2622
451,2855
1909,1884
2105,1224
595,1717
3790,264
483,551
2941,1547
691,1269
4275,691
603,2810
3864,891
2949,1450
2613,2158
262,1727
3640,2661
4828,1306
67,2059
891,544
3579,557
1342,780
1310,96
282,558
674,1422
4226,170
2433,1465
2479,1389
1635,752
2704,2291
198,1516
2574,2712
2111,1202
1114,460
4989,1018
3205,1365
478,1792
4922,1850
1851,162
839,2197
3871,134
4564,51
2012,2252
4531,2940
3032,2685
2909,1971
4280,275
4569,2116
2376,2388
441,78
356,1272
3363,1352
2510,2642
975,268
1826,205
345,839
4148,2187
4154,1773
1865,925
1214,1249
2632,404
4390,1927
2672,1627
3988,2223
563,1115
3112,2838
4052,124
2741,2001
4769,2392
3646,1472
4453,1881
2181,2297
3977,1698
3574,2728
271,827
3722,103
1234,558
4191,1473
2508,11
3301,1698
450,2900
2241,2905
3998,1718
2781,665
4830,1534
3473,425
3365,1716
917,2451
2439,310
933,2028
1892,1672
1374,860
738,2722
2032,1776
3355,1234
1318,2371
3853,1775
1137,1349
3740,676
4783,1611
589,2781
1580,1763
2806,1853
2320,1232
3300,2068
4596,161
1375,1137
2208,2934
263,1915
4577,1978
2174,2460
887,1112
4459,1196
909,182
4873,435
3270,1783
4945,2733
4293,1920
4365,2513
4269,621
4028,359
942,1452
4978,2756
3956,378
3973,63
1178,1685
1573,2424
4589,1896
2305,2140
2039,2910
1420,207
4666,591
3866,1661
4631,962
1513,2587
1530,1935
153,1326
1493,2363
4096,343
3851,1879
2268,2120
1358,2619
4062,2864
4748,1146
3105,1064
3874,1438
1097,1207
4512,357
2584,771
774,2472
118,2823
2787,1899
1590,2347
1693,756
4136,2813
930,2270
1034,384
1324,221
1650,1725
2342,1243
355,2904
277,2931
417,1114
1252,1097
3035,1188
1064,2156
947,1816
2622,2680
2985,2755
2976,1937
2408,1660
267,681
2679,1892
1548,213
4615,36
1032,546
2971,540
3896,847
4025,1014
2073,990
963,1486
435,811
915,1375
3599,1419
2043,2990
4158,1147
3935,2018
2204,1241
1206,2766
2289,2705
1208,1935
3183,839
1349,677
3575,1121
1174,984
3619,229
1592,677
1172,1571
14,2967
2218,265
1465,1210
3602,1702
3672,1605
3970,1796
4224,2229
2143,1744
1270,1812
524,1334
2543,2798
374,2504
526,2078
1821,95
1951,1154
650,46
1024,165
1308,934
3246,803
717,2233
1293,2660
295,2408
3883,480
1451,1478
2071,288
4837,1966
257,2838
4920,1073
1225,2238
2928,2116
3600,2626
1450,1514
3777,868
3489,1064
2631,253
4933,202
3783,2394
3963,1686
2255,2386
1326,333
4342,410
1404,1463
56,1709
1710,1175
4900,1920
3384,293
1688,1663
4568,1328
4642,2746
3897,1662
3255,2672
2566,2927
4190,2560
1864,1420
1220,366
2201,2210
2037,1095
224,1995
1535,2686
204,544
4958,1267
3235,1237
1694,1717
380,1769
2300,535
3522,1702
1830,1193
1369,768
1111,1212
2170,2666
120,1987
129,1067
2754,582
1563,2391
2585,2579
2964,70
1755,609
4202,1307
750,2324
1606,1357
2514,2946
1462,1085
1993,856
4599,2693
560,411
3048,953
53,1980
2884,344
1729,1823
3564,876
1833,1559
2987,2351
4789,2971
2498,1552
3090,442
1392,2374
398,919
3007,365
2791,202
1026,2818
4379,2904
3869,1225
3469,2368
3588,1369
2562,1700
1777,1319
1757,1272
3411,2060
1986,132
4447,2912
4593,370
1921,1158
3839,2706
2814,2869
3389,2575
2343,2408
4198,2489
2281,1783
3037,2746
604,563
2845,1074
3801,1900
1423,1071
2524,980
3240,1958
1391,481
470,2348
3421,2262
1683,885
51,1826
168,2659
1149,1248
3075,2617
2743,2400
1194,539
4058,854
3718,77
3377,1889
4119,2609
3857,2274
3170,574
4467,1801
3654,478
4888,2245
4092,1447
4962,2509
1701,1923
1691,80
83,1304
4387,2449
1006,1260
3734,2422
139,1497
3036,1879
2228,964
787,884
2188,194
2322,1012
1919,2241
576,2923
111,2715
550,230
2474,789
4571,841
3702,1390
1400,1720
299,2703
1964,2882
566,1454
4041,1312
1884,1481
4386,2583
1131,2363
541,1955
3530,149
3835,1791
4709,69
1489,2484
701,1431
3468,521
960,2229
4297,2506
694,216
3993,1743
2853,1837
3382,2540
557,2837
3736,1590
3485,2484
2285,1114
4561,1163
2947,1622
2064,1214
3388,654
3950,1527
2579,535
3743,2605
776,1976
179,2143
353,2929
2294,2159
4895,2051
1869,2980
1633,2506
1645,2423
2437,2969
2004,1560
3325,1499
2513,1942
1436,2806
3813,124
1213,85
3258,2888
239,195
1183,2336
3858,1392
2290,2565
3001,1374
4082,2783
663,1742
3739,2275
3762,254
1764,460
3138,389
590,60
3132,2714
1370,524
1337,642
3581,465
2190,2760
2139,1394
3879,1855
1907,2343
2683,176
201,2175
1402,280
4273,277
4314,2689
3815,2791
2374,2504
3513,1396
1887,1782
422,655
2047,71
4450,185
2016,390
4007,1373
1772,568
1282,2313
2671,2341
1913,2970
3550,46
848,2482
712,1276
600,176
1503,1834
1134,437
3542,1472
3888,953
3188,2968
2649,809
2530,2803
1963,707
3051,1575
3371,515
3041,2466
1344,786
494,582
4306,2193
1664,166
4558,263
314,2998
1827,2890
1125,2917
737,930
2885,863
2710,2869
1048,410
1360,400
4209,2108
969,2162
4770,489
3082,2844
2249,2431
3423,2832
484,486
1853,662
4250,147
3627,1524
2404,1396
1176,2822
2695,2988
3169,930
4473,1316
1591,467
549,635
150,957
151,2506
3605,0
4356,1527
193,1972
4010,2604
3018,11
4508,2367
924,2353
2953,1181
3011,1546
3861,2908
4556,1090
1378,1922
1728,2359
2005,11
1442,2413
2870,2026
1290,1969
4408,2563
3516,1172
4509,615
2843,492
1998,1849
2299,1201
200,1582
668,184
1464,1282
1076,978
2896,451
65,1166
4703,110
3013,1708
1507,771
3517,2120
2554,2688
3408,2824
4491,1931
3022,1780
3171,822
3996,750
69,2523
1202,1936
648,1799
4919,939
3525,1591
1041,250
2350,679
3841,2552
4310,1102
1615,1487
1779,2260
2627,177
3975,2886
1338,2042
2592,2547
2339,2398
273,658
3978,746
3937,2498
1395,1601
4311,2247
2943,2286
342,1333
3098,463
463,1652
3390,167
3116,1463
2635,1518
162,1166
2905,467
3465,22
4258,2204
4762,1145
3211,592
2644,2599
3261,513
1838,850
1311,2703
4244,828
764,754
3373,644
1405,1295
1682,2202
1877,197
1287,2600
2364,2941
982,1607
1658,380
3017,578
1267,2561
1044,2061
2709,802
3336,1798
357,2834
4233,2520
3652,2355
2116,954
1656,1738
4197,421
3139,2388
2407,2677
1976,1081
3397,588
2809,451
2682,2595
4282,2932
520,285
3153,2880
1263,221
4971,2196
2826,2985
647,71
2751,1736
3223,2234
3730,1353
4970,1553
3463,1897
2352,2239
1568,2633
2363,412
438,170
4001,1976
3063,720
3142,1095
123,1269
877,797
2836,1569
91,1636
2458,1139
2307,1829
3210,2641
1356,2636
1783,1860
1228,334
855,466
2557,2895
515,1524
442,354
2126,1441
4189,277
121,1227
3335,1439
3610,1157
1443,1676
1021,914
2260,1082
1689,1810
731,2218
792,223
3103,773
1147,1245
4113,1615
3079,1135
3671,1337
3360,1966
2202,205
4463,680
573,1249
3633,1288
4832,2688
1933,74
1259,983
2083,2536
23,706
2904,1428
1858,2605
3456,895
1470,1862
2042,590
4005,567
4367,2482
3004,533
4134,2833
4076,1149
4227,2074
3225,2506
4004,125
3746,1364
688,1
634,633
4471,1390
3556,1838
3364,765
4317,84
4654,98
4847,2672
831,1402
3917,128
4438,2182
3078,1934
2789,2208
4364,2906
1712,1654
2103,1427
172,397
1668,2331
1199,503
1073,165
1124,2768
1403,830
2074,2118
4893,95
2454,2165
4871,2231
1584,2190
3483,2414
4899,579
3597,1974
723,993
3528,735
2902,870
4657,2521
2118,2828
4384,1158
1953,1117
3537,2460
3676,1808
4909,2186
4946,1241
2232,727
464,1363
875,2892
2595,710
1771,1183
4751,1464
2871,2068
4563,1405
3386,1833
3825,2869
1209,1839
1449,2846
4439,1289
287,559
3294,1848
2569,2229
3860,1497
39,351
2183,1216
399,678
2021,2466
1778,7
1269,673
507,2561
3620,1830
3403,970
154,2948
2939,709
3583,2498
4372,1162
4825,2756
4688,753
1904,750
2279,2913
2527,2691
3446,1825
4266,2101
802,2733
777,2919
3234,2264
3611,1285
4103,2831
3969,1724
3514,1142
1708,1170
420,182
2684,2219
3129,1154
2462,1297
270,1483
2866,580
4000,519
4486,2525
2240,1887
3873,1023
1521,2114
1707,126
2089,1054
2646,2637
4398,869
302,1017
3014,2007
176,2009
428,392
3229,2278
346,728
872,115
4874,2582
3034,2718
3876,824
4460,2880
4629,1411
607,2601
2580,974
4756,2341
4238,2157
741,2477
4083,2754
114,1685
841,2054
